state,section,name,officers,address,phone,fax,email,website,facebook,source_url
Alabama,International Union Offices,Southern Region Office,,"Southern Region Office
Tim Anderson FC
1745 Phoenix Blvd.
Suite 440
Atlanta, GA 30349",,(770) 907-2272,,,,https://www.afscme.org/local/alabama
Alaska,International Union Offices,Northwest Area Office,"Jeremy Kruse, Area Field Services Director","Northwest Area Office
Jeremy Kruse, Area Field Services Director
1836 NE 7th Ave. Suite 203
Portland, OR 97212",,(503) 281-6107,,,,https://www.afscme.org/local/alaska
Alaska,Retiree Chapters,Retiree Chapter: Chapter 52,"Jan Carolyn Hardy, President",,(907) 277-5232,,retchapter@afscmelocal52.org,http://www.afscmelocal52.org,https://www.facebook.com/AlaskaAFSCMERetirees/,https://www.afscme.org/local/alaska
Alaska,,"Anchorage Municipal Employee Association (AMEA), Local 16","Paul Hatcher, President",", Local 16
Paul Hatcher, President
2601 Denali Street
Anchorage, AK 99503",(907) 343-7942,,phatcher@ameatoday.org,http://www.ameatoday.org/,,https://www.afscme.org/local/alaska
Alaska,,ASEA Local 52: Anchorage (Headquarters),"Chuck Stewart, President; Heidi Drygas, Executive Director","Chuck Stewart, President
Heidi Drygas, Executive Director
2601 Denali Street
Anchorage, AK 99503",(907) 277-5200; (800) 478-2732,,,http://www.afscmelocal52.org/,,https://www.afscme.org/local/alaska
Alaska,,ASEA Local 52: Fairbanks Office,,"Fairbanks Office
542 4th Ave.
Suite 226
Fairbanks, AK 99701",(907) 452-2300; (800) 478-2305,(907) 452-2307,,,,https://www.afscme.org/local/alaska
Alaska,,ASEA Local 52:  Juneau Office,,"Juneau Office
318 E 4th Street
Juneau, AK 99801",(907) 463-4949; (800) 478-0049,(907) 463-4950,,,,https://www.afscme.org/local/alaska
Alaska,,"Public Safety Employees Association (PSEA), Local 803","Charisse Millett, Executive Director; Shaun Kuzakin, President",", Local 803
Charisse Millett, Executive Director
Shaun Kuzakin, President
4228 Laurel St.
Anchorage, AK 99508",(907) 388-6771,,psea.president@psea.net,http://www.psea.net/,,https://www.afscme.org/local/alaska
Arizona,International Union Offices,Southwest Area Office,"Lalo Macias, Area Field Services Director","Southwest Area Office
Lalo Macias, Area Field Services Director
4000 S. Eastern Ave
Suite 200
Las Vegas, NV 89119",(702) 202-3633,,,,,https://www.afscme.org/local/arizona
Arizona,Retiree Chapters,Retiree Chapter: Chapter 97,"Roman Ulman, President; Fran Krugen, Secretary-Treasurer",,(480) 993-8799; (602) 373-5604,,afscmeazretirees@gmail.com,,,https://www.afscme.org/local/arizona
Arizona,,"Tucson Pima Co. Area Public Employees, Local 449","Marcelino Flores, President",,(520) 571-8884; (520) 272-8919,,marcelino.flores@afscme449.org,https://www.afscme449.org,,https://www.afscme.org/local/arizona
Arizona,,"Phoenix AZ City Employees, Local 2384","Jess Mayer, President","Phoenix AZ City Employees, Local 2384
Jess Mayer, President
3636 N. 15th Ave.
Phoenix, AZ 85015",(602) 230-2301,,,http://www.afscme2384.com/,,https://www.afscme.org/local/arizona
Arizona,,"Phoenix Pre-Professional and Clerical Employees, Local 2960","Frank Piccioli, President","Professional and Clerical Employees, Local 2960
Frank Piccioli, President
1700 E Thomas Road
Phoenix, AZ 85016",,(602) 254-3966,,http://www.afscme2960.org/,,https://www.afscme.org/local/arizona
Arizona,,"City of Peoria Public Employees, Local 3282","Joshua Capilla, President","City of Peoria Public Employees, Local 3282
Joshua Capilla, President
3636 N. 15th Avenue
Peoria, AZ 85380",,,jcap79@gmail.com,http://www.afscme3282.org/,,https://www.afscme.org/local/arizona
Arkansas,International Union Offices,Southern Region Office,"Dorothy Townsend, Regional Director","Southern Region Office
Dorothy Townsend, Regional Director
1745 Phoenix Blvd., Suite 440
Atlanta, GA 30349",,(770) 907-2272,,,,https://www.afscme.org/local/arkansas
Arkansas,,Council 17: Baton Rouge Headquarters,"Lloyd Permaul, Executive Director","2
Baton Rouge, LA 70816",(225) 927-2800,,,,,https://www.afscme.org/local/arkansas
California,International Union Offices,AFSCME Western Region Office,"Walter Blair, Regional Director","AFSCME Western Region Office
Walter Blair, Regional Director
19191 S. Vermont Avenue
Suite 800
Torrance, CA 90502",,(310) 243-1802,,,,https://www.afscme.org/local/california
California,International Union Offices,Area Office: Sacramento,,"Sacramento
1121 L Street, Suite 904
Sacramento, CA 95814",,(916) 441-1570,,http://www.calafscme.org,,https://www.afscme.org/local/california
California,International Union Offices,Area Office: Concord,,"Concord
4057 Port Chicago Highway, Suite 120
Concord, CA  94520",,(925) 671-9002,,,,https://www.afscme.org/local/california
California,Retiree Chapters,California AFSCME Retiree Chapter 36: Los Angeles City and County,"Gwendolyn Jones, President",,(213) 674-7583,,retiree@afscme36.org,,,https://www.afscme.org/local/california
California,Retiree Chapters,California AFSCME Retiree Chapter 57,"Cherll Grover, President",,(925) 777-7723 ext. 723,,retirees@ca.afscme57.org,http://www.afscme57.org/retirees/,,https://www.afscme.org/local/california
California,Retiree Chapters,Retiree Chapter 1199U: UNAC/UHCP,"Sonia Moseley, President",,(909) 618-0657,,retirees@unacuhcp.org,https://www.unacuhcp.org/retirees/,,https://www.afscme.org/local/california
California,Retiree Chapters,AFSCME Chapter 1902,"Jan P. Matusak, President",,310-293-9125,,Retirees@afscme1902.org,,,https://www.afscme.org/local/california
California,Retiree Chapters,CA Retiree Subchapter 206,,"220
Sacramento CA
95814",(800) 622-0909,,,,,https://www.afscme.org/local/california
California,,Child Care Providers United - California,,"California
4855 Seminole Drive
San Diego, CA 92115",619-263-7254,800-621-5016,,,,https://www.afscme.org/local/california
California,,Council 36: Los Angeles (Headquarters),"Matt Maldonado, Executive Director; Veronica Gunn, President","Matt Maldonado, Executive Director
Veronica Gunn, President
3375 E. Slauson Ave.
Vernon, CA 90058",(213) 487-9887,,,http://www.afscme36.org,,https://www.afscme.org/local/california
California,,Council 36: Ontario Office,,"Ontario Office
601 S. Milliken Ave., Unit D
Ontario, CA 91761",(909) 281-9080,,,,,https://www.afscme.org/local/california
California,,Council 36: Orange County Office,,"Orange County Office
520 N. Brookhurst St., Suite 229
Anaheim, CA 92801",(714) 278-3440,,,,,https://www.afscme.org/local/california
California,,Council 36: San Diego Office,,"San Diego Office
3737 Camino Del Rio South, Suite 400
San Diego, CA 92108",(619) 640-4939,,,,,https://www.afscme.org/local/california
California,,Council 36: South Bay Office,,"South Bay Office
20300 S. Vermont Ave., Suite 225
Torrance, CA 90502",(310) 516-1645,,,,,https://www.afscme.org/local/california
California,,Council 57: Oakland (Headquarters),"Walter Blair, Administrator; Tony Martin, President","Walter Blair, Administrator
Tony Martin, President
80 Swan Way, Suite 110
Oakland, CA 94621-1438",(510) 577-9694; (800) 244-8122,,,http://www.afscme57.org/,,https://www.afscme.org/local/california
California,,Council 57: San Jose Office,,"101
San Jose, CA 95112-4923",,(408) 998-2070,,,,https://www.afscme.org/local/california
California,,Council 57: Elk Grove Office,,"10C
Elk Grove, CA 95624",(916) 714-6373,,,,,https://www.afscme.org/local/california
California,,Council 57: Sacramento Office,,"Sacramento Office
2295 Gateway Oaks Dr., Suite 140
Sacramento, CA 95354",(916) 923-1860,,,,,https://www.afscme.org/local/california
California,,Council 57: Modesto Office,,"Modesto Office
1120 13th Street, Suite F
Modesto, CA 95354",(209) 524-4718,,,,,https://www.afscme.org/local/california
California,,Council 57: Merced Office,,"Merced Office
1640 N Street, Suite 220
Merced, CA 95340",(209) 722-3636,,,,,https://www.afscme.org/local/california
California,,Council 57: Eureka Office,,"Eureka Office
840 E Street, Suite 7
Eureka, CA 95501",(707) 443-7371,,,,,https://www.afscme.org/local/california
California,,Council 57: Burbank Office,,"209
Burbank, CA 95505",818-847-2142,,,,,https://www.afscme.org/local/california
California,,Council 57: Sierra Office,,"Sierra Office
PO Box 418
Independence, CA 93526",760-208-9938,,,,,https://www.afscme.org/local/california
California,,Council 57: Concord Office,,"Concord Office
Public Employee Union, Local 1
4057 Port Chicago Highway, Suite 100
Concord, CA 34520",925-228-1600,,,,,https://www.afscme.org/local/california
California,,Council 57: Sutter/Yuba Office,,"Yuba Office
1445 Butte House Road, Suite D
Yuba City, CA 95993",530-674-0185,,,,,https://www.afscme.org/local/california
California,,Council 57: Placerville Office,,"Placerville Office
2864 Ray Lawyer Dr., Suite 202 Placerville, CA 95667",530-626-2569,,,,,https://www.afscme.org/local/california
California,,"Union of American Physicians and Dentists, Local 206: Sacramento (Headquarters)","Doug Chiappetta, Executive Director; Dr. Stuart Bussey, President","Doug Chiappetta, Executive Director
Dr. Stuart Bussey, President
520 Capitol Mall
Suite 220
Sacramento, CA 95814",(916) 442-6977; (510) 839-0193,,uapd@uapd.com,http://www.uapd.com,,https://www.afscme.org/local/california
California,,"Employees Association of the Metropolitan Water District, Local 1902","Alan F. Shanahan, President","111
Los Angeles, CA 90012",,(213) 217-6861,,http://afscme1902.org,,https://www.afscme.org/local/california
California,,"Union of American Physicians and Dentists, Local 206: Southern California Office",,"Southern California Office
1960 East Grand Ave.
Suite 810
El Segundo, CA 90245",(310) 398-4038,(800) 504-8273,uapdla@uapd.com,,,https://www.afscme.org/local/california
California,,"United Domestic Workers of America, Local 3930: State Headquarters","Douglas Moore Jr., Executive Director; Astrid Zuniga, President","State Headquarters
Douglas Moore Jr., Executive Director
Astrid Zuniga, President
4855 Seminole Drive
San Diego, CA 92115",(619) 263-7254,(800) 621-5016,,http://www.udwa.org,,https://www.afscme.org/local/california
California,,"United EMS Workers, Local 4911","Jocelyn Paulson, Executive Director; Anders Clayton, President","United EMS Workers, Local 4911
Jocelyn Paulson, Executive Director
Anders Clayton, President
175 Bernal Road
Suite 205
San Jose, CA 95119",(925) 443-4911,,info@uemsw.org,http://www.uemsw.org,,https://www.afscme.org/local/california
California,,United Nurses Associations of California/Union of Health Care Professionals (UNAC/UHCP): San Dimas (Headquarters),"Charmaine Morales, RN, President; Joe Guzynski, Executive Director","Charmaine Morales, RN, President
Joe Guzynski, Executive Director
13101 Crossroads Pkwy S.
City of Industry, CA 91746",(909) 599-8622; (800) 762-5874,(909) 599-8655,%20joe.guzynski@unacuhcp.org,http://www.unacuhcp.org,,https://www.afscme.org/local/california
California,,United Nurses Associations of California/Union of Health Care Professionals (UNAC/UHCP): San Diego Office,,"San Diego Office
5030 Camino De La Siesta
Suite 306
San Diego, CA 92108",(619) 280-5401,,,,,https://www.afscme.org/local/california
California,,"University of California Employees, Local 3299: Oakland (Headquarters)","Elizabeth Perlman, Executive Director; Michael Avant, President","Elizabeth Perlman, Executive Director
Michael Avant, President
425 15th Street
Oakland, CA 94612",,(510) 844-1160,info@afscme3299.org,https://afscme3299.org,,https://www.afscme.org/local/california
California,,"University of California Employees, Local 3299: San Francisco Office",,"240
San Francisco, CA 94122",(415) 566-6477,,,,,https://www.afscme.org/local/california
California,,"University of California Employees, Local 3299: San Diego Office",,"San Diego Office
3838 Camino Del Rio North, Suite 104
San Diego, CA 92108",(619) 296-0342,,,,,https://www.afscme.org/local/california
California,,Management and Professional Employees Association of the Metropolitan Water District (MAPA) Local 1001,"Diane Doesserich, President","136
Los Angeles, CA 90012",(626) 644-6066,,jvrsalovich@mwdh2o.com,,,https://www.afscme.org/local/california
California,,"Burbank City Employees Association, Local 3143","Griselda Sandoval, President","Burbank City Employees Association, Local 3143
Griselda Sandoval, President
221 West Alameda Ave. Unit 103
Burbank, CA 91502",(818) 489-3433,,bsanders@bcea3134.org,,,https://www.afscme.org/local/california
California,,"University of California Employees, Local 3299: Santa Cruz Office",,"4
Santa Cruz, CA 95060",,,,,,https://www.afscme.org/local/california
Colorado,International Union Offices,Southwest Area Office,"Lalo Macias, Area Field Service Director","Southwest Area Office
Lalo Macias, Area Field Service Director
4000 S. Eastern Ave
Suite 200
Las Vegas, NV 89119",(702) 202-3633,,,,,https://www.afscme.org/local/colorado
Colorado,Retiree Chapters,Retiree Chapter: Chapter 76,"Jerry Solano, President",,(719) 406-1470,,Jazzsol@comcast.net,,,https://www.afscme.org/local/colorado
Colorado,,Council 976: Denver (Headquarters),"Megan Eierman, Director of AFSCME Colorado, Assistant Regional Director of the Western Region","670
Denver, CO 80224",(303) 355-6504,,,,,https://www.afscme.org/local/colorado
Connecticut,International Union Offices,Area Office: Boston,,"Boston
Tim Birch, ARD
8 Beacon Street, 2nd Floor
Boston, MA 02108",(617) 367-3686,,,,,https://www.afscme.org/local/connecticut
Connecticut,Retiree Chapters,Connecticut Retiree Chapter 4,,,(860) 225-7656,,afscmechapter4@yahoo.com,https://www.council4.org/retirees-chapter-4,,https://www.afscme.org/local/connecticut
Connecticut,,Council 4: New Britain (Headquarters),"Jody Barr, Executive Director; Ron Nelson, President","Jody Barr, Executive Director
Ron Nelson, President
444 East Main Street
New Britain, CT 06051",(860) 224-4000,,,https://www.council4.org/,,https://www.afscme.org/local/connecticut
Connecticut,,"CT Health Care Associates, NUHHCE: Wallingford","Dave Hannon, President","Wallingford
Dave Hannon, President
2 North Plains Industrial Rd.
Wallingford, CT 06492",(203) 265-2297,,,http://www.chcaunion.org,,https://www.afscme.org/local/connecticut
Delaware,International Union Offices,Area Office: Philadelphia,"Maximus Weikel, AFSD","Philadelphia
Maximus Weikel, AFSD
1617 JFK Boulevard, Suite 1215
Philadelphia, PA 19103",(215) 665-1272,,,,,https://www.afscme.org/local/delaware
Delaware,Retiree Chapters,Retiree Chapter: Chapter 81,"Sandy Richards, President",,(302) 323-2121,,ladodgers@verizon.net,,,https://www.afscme.org/local/delaware
Delaware,,"Delaware Public Employees, Council 81: New Castle (Headquarters)","Michael A. Begatto, Executive Director; Faith Morris, President","Michael A. Begatto, Executive Director
Faith Morris, President
91 Christiana Road
New Castle, DE 19720-3104",(302) 323-2121,,mbegatto@council81.org,https://www.council81.org/,,https://www.afscme.org/local/delaware
District Of Columbia,International Union Offices,Eastern Region Office,"Kory Blake, AFSD","Eastern Region Office
Kory Blake, AFSD
Baltimore Area Office
1410 Bush St., Suite B
Baltimore, MD 21230",(410) 837-3055,,,,,https://www.afscme.org/local/district-of-columbia
District Of Columbia,Retiree Chapters,Retiree Chapter 20,"Deborah Courtney, President",,(202) 234-6506,,,,,https://www.afscme.org/local/district-of-columbia
District Of Columbia,,"Council 20: Washington, D.C. (Headquarters)","Wayne Enoch, Executive Director; Kevin Poge, President","Wayne Enoch, Executive Director
1140 3rd Street, NE, Suite 202
Washington, DC 20002",(202) 234-6506; 202.422.5765,,kpoge1@gmail.com,http://www.districtcouncil20.org/,,https://www.afscme.org/local/district-of-columbia
District Of Columbia,,"Metropolitan District 1199DC, NUHHCE","Serena Childress, President; Wanda Shelton-Martin, Executive Director","Martin, Executive Director
8181 Professional Place, Suite 116
Landover, MD 20785",(301) 577-0800,,,,,https://www.afscme.org/local/district-of-columbia
District Of Columbia,,Doctor's Council,"Dr. Jean Joel-Villier, President","Villier, President
P.O. Box 76080
Washington, DC 20013",(202) 408-3373,,dcdc98@erols.com,,,https://www.afscme.org/local/district-of-columbia
Florida,International Union Offices,Southern Region Office,"James Spears, AFSD","Southern Region Office
James Spears, AFSD
1745 Phoenix Boulevard, Suite 440
Atlanta, GA 30349",,(770) 907-2272,,,,https://www.afscme.org/local/florida
Florida,Retiree Chapters,Retiree Chapter: Chapter 79,"Dave Jacobsen, President",,(800) 541-0584,,,https://www.afscmefl.org/retirees,,https://www.afscme.org/local/florida
Florida,,Council 79: Miami (Headquarters),"James Spears, Administrator","James Spears, Administrator
700 S. Royal Poinciana Blvd., Suite 700
Miami Springs, FL 33166",,(305) 651-6617,,http://www.afscmefl.org/,,https://www.afscme.org/local/florida
Florida,,Council 79: Jacksonville Office,,"Jacksonville Office
5208 N Pearl Street
Jacksonville, FL 32208",,(904) 356-4888,,,,https://www.afscme.org/local/florida
Florida,,Council 79: Lakeland,,,(813) 319-0705,,,,,https://www.afscme.org/local/florida
Florida,,Federation of Physicians and Dentists/NUHHCE,"Henry Santana, Executive Director","2
Tallahassee, FL 32301",(850) 942-6636,,,,,https://www.afscme.org/local/florida
Georgia,International Union Offices,Southern Region Office,,"Southern Region Office
4751 Best Rd
Suite 420
Atlanta, GA 30337",,,,,,https://www.afscme.org/local/georgia
Georgia,,AFSCME Local 1644,", Executive Director; , President","AFSCME Local 1644
Tracey Thornhill
, Executive Director
Quientin Hutchins
, President
1745 Phoenix Blvd Ste. 330
College Park, GA 30349",404-472-0028,,,,,https://www.afscme.org/local/georgia
Hawaii,International Union Offices,Area Office: Honolulu,"Liz Ho, AFSD","Honolulu
Liz Ho, AFSD
888 Mililani St., Suite 101,
Honolulu, HI 96813",(808) 543-0004,,,,,https://www.afscme.org/local/hawaii
Hawaii,Retiree Chapters,Retiree Chapter: Chapter 152: HGEA,"Ethel Fleming, President; Joan Gallagher, Retiree Coordinator",,(808) 543-0090,,retirees@hgea.org,http://www.hgea.org/,,https://www.afscme.org/local/hawaii
Hawaii,Retiree Chapters,Retiree Chapter: Chapter 646: Hawaii UPW,"Carol Noland, President",,808-847-2631,,,http://www.upwhawaii.org/retirees-chapter,,https://www.afscme.org/local/hawaii
Hawaii,,HGEA Local 152: Honolulu,"Randy Perreira, Executive Director; Ginet Hayes, President","Honolulu
Randy Perreira, Executive Director
Ginet Hayes, President
888 Mililani Street, Suite 401
Honolulu, HI 96813",(808) 543-0000,,,http://www.hgea.org/,,https://www.afscme.org/local/hawaii
Hawaii,,UPW Local 646: Honolulu,"Kalani Werner, State Director","Honolulu
Kalani Werner, State Director
1426 North School Street
Honolulu, HI 96817",,(808) 847-2631,,http://www.upwhawaii.org/,,https://www.afscme.org/local/hawaii
Hawaii,,Local 928: Honolulu,"Scott Kroeker, President","Honolulu
Scott Kroeker, President
2559 Ipulei Way
Honolulu, HI 96816",(808) 543-0004,,,,,https://www.afscme.org/local/hawaii
Hawaii,,United Nurses Associations of California/Union of Health Care Professionals (UNAC/UHCP): Hawaii,,"209
Kahului, HI 96732",,,,,,https://www.afscme.org/local/hawaii
Idaho,International Union Offices,Northwest Area Office,"Jeremy Kruse, Area Field Services Director","Northwest Area Office
Jeremy Kruse, Area Field Services Director
1836 NE 7th Ave. Suite 203
Portland, OR 97212",,(503) 281-6107,,,,https://www.afscme.org/local/idaho
Idaho,,Council 2: Spokane Office,,"Spokane Office
1105 W. Francis Ave.
Suite C
Spokane, WA 99205",(509) 328-2830; (509) 328-2989,,,,,https://www.afscme.org/local/idaho
Illinois,International Union Offices,Central Region Office,"Dreadless Stubbs, AFSD","Central Region Office
Dreadless Stubbs, AFSD
8740 Orion Place, Suite 305
Columbus, OH 43240",,(614) 436-0933,,,,https://www.afscme.org/local/illinois
Illinois,Retiree Chapters,Illinois AFSCME Retiree Chapter 31,"Larry Brown, President; Maria Britton-Sipe, Retiree Coordinator",,(217) 788-2800,,mbritton-sipe@afscme31.org,http://www.afscme31.org/retirees,,https://www.afscme.org/local/illinois
Illinois,,Council 31: Chicago (Headquarters),"Roberta Lynch, Executive Director","Roberta Lynch, Executive Director
205 N. Michigan Ave.
Suite 2100
Chicago, IL 60601",,(312) 641-6060,,http://www.afscme31.org/,,https://www.afscme.org/local/illinois
Illinois,,Council 31: Northwest Chicago Office,,"Northwest Chicago Office
7222 W Cermak Rd., Suite 501
North Riverside, IL 60546",,(708) 524-5356,,,,https://www.afscme.org/local/illinois
Illinois,,Council 31: Urbana Office,,"Urbana Office
1403 E. Washington St., H
Urbana, IL 61802",,(217) 328-4336,,,,https://www.afscme.org/local/illinois
Illinois,,Council 31: Rockford Office,,"Rockford Office
212 S. 1st Street
Rockford, IL 61104",,(815) 968-0447,,,,https://www.afscme.org/local/illinois
Illinois,,Council 31: Springfield Office,,"Springfield Office
AFSCME Council 31
1000 Churchill Road
Springfield, IL 62702",,(217) 788-2800,,,,https://www.afscme.org/local/illinois
Illinois,,House Staff Association of Chicago (HSACCH),"Amelia Lerch, President","Amelia Lerch, President
1900 West Polk Street
Room 803
Chicago, IL 60612",(312) 864-3691,,,,,https://www.afscme.org/local/illinois
Illinois,,Council 31: Mount Vernon Office,,"Mount Vernon Office
212 S. 9
th
Street
Mount Vernon, IL 62864",,(618) 316-7085,,,,https://www.afscme.org/local/illinois
Indiana,International Union Offices,Central Region Office,"Lisa Martin, AFSD","Central Region Office
Lisa Martin, AFSD
8740 Orion Place, Suite 305
Columbus, OH 43240",,(614) 436-0933,,,,https://www.afscme.org/local/indiana
Indiana,Retiree Chapters,Retiree Chapter 962,"Anissa Boller Holloway, President",,(502) 417-3162,,anissabrady35@gmail.com,,,https://www.afscme.org/local/indiana
Indiana,,Council 962: Indianapolis (Headquarters),"Ron Richmond, Executive Director","Ron Richmond, Executive Director
1424 North Pennsylvania Street
Indianapolis, IN 46202",,(317) 632-1432,,http://www.afscme962.org,,https://www.afscme.org/local/indiana
Indiana,,Council 962: Mishawaka Office,,"Mishawaka Office
1217 Miracle Ln.
Mishawaka, IN 46545",,(574) 289-1410,,,,https://www.afscme.org/local/indiana
Indiana,,Council 962: Gary Office,,"Gary Office
2222 W. Ridge Road
Gary, IN 46408",(219) 985-2618,,,,,https://www.afscme.org/local/indiana
Iowa,International Union Offices,International Union Offices,"Andres Becerra, AFSD","International Union Offices
Andres Becerra, AFSD
8740 Orion Place, Suite 305
Columbus, OH 43240",,(614) 436-0933,,,,https://www.afscme.org/local/iowa
Iowa,Retiree Chapters,Retiree Chapter: Chapter 61,"Mary Cannon-James, President",,(515) 246-2627,,,https://www.afscmecouncil61.org/retiree-chapter-61,,https://www.afscme.org/local/iowa
Iowa,,Council 61: Des Moines (Headquarters),"Todd Copley, President","Todd Copley, President
4320 NW 2
nd
Avenue
Des Moines, IA 50313",(515) 246-1517,,tcopley@afscmeiowa.org,http://www.afscmecouncil61.org/,,https://www.afscme.org/local/iowa
Kansas,International Union Offices,Central Region Office,"Andres Becerra, AFSD","Central Region Office
Andres Becerra, AFSD
8740 Orion Place, Suite 305
Columbus, OH 43240",,(614) 436-0933,,,,https://www.afscme.org/local/kansas
Kansas,Retiree Chapters,Kansas Retiree Chapter: Chapter 61,"Mary Cannon-James, President",,(515) 246-2627,,,https://www.afscmecouncil61.org/retiree-chapter-61,,https://www.afscme.org/local/kansas
Kansas,,Council 61: Jefferson City (Headquarters),"Todd Copley, President","Todd Copley, President
4320 NW 2nd St.
Des Moines, IA 50313",(573) 635-9145,(800) 554-2054,,,,https://www.afscme.org/local/kansas
Kansas,,KOSE AFT/AFSCME Local 300,"Sarah LaFrenz, President","AFSCME Local 300
Sarah LaFrenz, President
534 S. Kansas Avenue, Suite 900
Topeka, KS 66603",,(785) 354-1174,sarah.lafrenz@koseunion.org,http://www.koseunion.org/,,https://www.afscme.org/local/kansas
Kentucky,International Union Offices,Central Region Office,"Lisa Martin, AFSD","Central Region Office
Lisa Martin, AFSD
8740 Orion Place, Suite 305
Columbus, OH 43240",,(614) 436-0933,,,,https://www.afscme.org/local/kentucky
Kentucky,Retiree Chapters,IN/KY Chapter 962,"Anissa Boller Holloway, President","gmail.com
1424 Pennsylvania Street
Indianapolis, IN 46202",,,anissabrady35@gmail.com,,,https://www.afscme.org/local/kentucky
Kentucky,,Council 962: Council 962: Indiana-Kentucky (HQ),"Ron Richmond, Executive Director","afscme962.org
1424 North Pennsylvania Street
Indianapolis, IN 46202",,(317) 632-1432,,http://www.afscme962.org,,https://www.afscme.org/local/kentucky
Kentucky,,Council 962: Louisville,,"Louisville
4315 Preston Highway, Ste 101
Louisville, KY 40213",,(502) 363-4074,,,,https://www.afscme.org/local/kentucky
Louisiana,International Union Offices,Southern Region Office,"Dorothy Townsend, Regional Director","Southern Region Office
Dorothy Townsend, Regional Director
1745 Phoenix Blvd., Suite 440
Atlanta, GA 30349",(770) 907-2272,,,,,https://www.afscme.org/local/louisiana
Louisiana,,Council 17: Baton Rouge,"Lloyd Permaul, Executive Director; Mary Dixon, President","2
Baton Rouge, LA 70816",,(225) 927-2800,,http://www.afscme17.org/,,https://www.afscme.org/local/louisiana
Maine,International Union Offices,Area Office: Boston,,"Boston
Tim Birch, ARD
8 Beacon Street, 2nd Floor
Boston, MA 02108",(617) 367-3686,,,,,https://www.afscme.org/local/maine
Maine,Retiree Chapters,Retiree Chapter: Chapter 93,"Ed Keefe, President",,(888) 271-3868,,,http://afscmechapter93retirees.com/,,https://www.afscme.org/local/maine
Maine,,Council 93: Augusta Office,"Mark Bernard, Executive Director","Augusta Office
Mark Bernard, Executive Director
6 Rockwood Drive
Manchester, ME 04351",(207) 622-6191,,,http://www.afscme93.org/,,https://www.afscme.org/local/maine
Maryland,International Union Offices,Eastern Region Office,"Kory Blake, AFSD","Eastern Region Office
Baltimore Area Office
Kory Blake, AFSD
1410 Bush St., Suite 115
Baltimore, MD 21230",(410) 837-3055,,,,,https://www.afscme.org/local/maryland
Maryland,Retiree Chapters,Maryland AFSCME Retiree Chapter 1,"Shandala Richburg, President",,(410) 837-1047,,,,https://www.facebook.com/MDRetireeChapter1/,https://www.afscme.org/local/maryland
Maryland,,AFSCME Maryland Council 3,"Patrick Moran, President","AFSCME Maryland Council 3
Patrick Moran, President
AFSCME MD Council 3
1410 Bush Street
Suite A
Baltimore, MD  21230",(410) 837-7278,(800) 492-1996,,http://www.afscmemd.org/,,https://www.afscme.org/local/maryland
Maryland,,Council 3: Cumberland Office,,"Cumberland Office
401 Decatur Street
Cumberland, MD 21502",(410) 547-1515,,,,,https://www.afscme.org/local/maryland
Maryland,,Council 3: Hagerstown Office,,"Hagerstown Office
18131 Maugans Avenue
Hagerstown, MD 21740",,(410) 547-1515,,,,https://www.afscme.org/local/maryland
Maryland,,Council 3: Salisbury Office,,"Salisbury Office
106 W. Circle Avenue Suite 102
Salisbury, MD 21801",,(410) 547-1515,,,,https://www.afscme.org/local/maryland
Maryland,,Council 3: Baltimore Office,,"Baltimore Office
1410 Bush Street, Suite A
Baltimore, MD 21230",(410) 837-7278,(800) 727-3332,,,,https://www.afscme.org/local/maryland
Maryland,,Council 3: Prince George’s County,,,(410) 547-1515,,,,,https://www.afscme.org/local/maryland
Maryland,,"Association of Classified Employees, Local 2250","Kristie Bailey, Executive Director; Essence Herndon, President","Association of Classified Employees, Local 2250
Kristie Bailey, Executive Director
Essence Herndon, President
14440 Old Mill Rd
Upper Marlboro, MD 20772",,301-857-8335,Essence.herndon@ace-afscme.org,http://www.ace-afscme.org/,,https://www.afscme.org/local/maryland
Massachusetts,International Union Offices,Area Office: Boston,,"Boston
Tim Birch, ARD
8 Beacon St.
2nd Floor
Boston, MA 02108",,(617) 367-3686,,,,https://www.afscme.org/local/massachusetts
Massachusetts,Retiree Chapters,New England Retiree Chapter 93,"Ed Keefe, President",,(888) 271-3868,,,http://afscmechapter93retirees.com/,,https://www.afscme.org/local/massachusetts
Massachusetts,,Council 93: Boston (Headquarters),"Mark Bernard, Executive Director; Christopher ""Tiger"" Stockbridge, President","Stockbridge, President
8 Beacon Street
Boston, MA 02108",(617) 367-6000,,,http://www.afscme93.org,,https://www.afscme.org/local/massachusetts
Massachusetts,,"Harvard Union of Clerical and Technical Workers, HUCTW Local 3650","Bill Jaeger, Executive Director; Simone Gonzalez, President","Harvard Union of Clerical and Technical Workers, HUCTW Local 3650
Bill Jaeger, Executive Director
Simone Gonzalez, President
131 Mount Auburn Street
Cambridge, MA 02138",,(617) 661-8289,huctw.info@huctw.org,https://huctw.org/,,https://www.afscme.org/local/massachusetts
Massachusetts,,"State Healthcare and Research Employees Unions, SHARE Locals 3900 and 4000","Elizabeth Szanto, Executive Director","State Healthcare and Research Employees Unions, SHARE Locals 3900 and 4000
Elizabeth Szanto, Executive Director
50 Lake Avenue
Worcester, MA 01604",,(508) 929-4020,,http://www.theshareunion.org/,,https://www.afscme.org/local/massachusetts
Michigan,International Union Offices,Central Region Office,"Dreadless Stubbs, AFSD","Central Region Office
Dreadless Stubbs, AFSD
8740 Orion Place, Suite 305
Columbus, OH 43240",,(614) 436-0933,,,,https://www.afscme.org/local/michigan
Michigan,Retiree Chapters,Retiree Chapter 255,"Leigh Tomlinson, President",,(313) 460-9912,,afscme255mi@gmail.com,,,https://www.afscme.org/local/michigan
Michigan,,Michigan Organizing Committee 925,"Gino Carbenia, Executive Director","Michigan Organizing Committee 925
Gino Carbenia, Executive Director
826 Municipal Way
Lansing, MI 48917",,(517) 487-5081,,http://www.miafscme.org/,,https://www.afscme.org/local/michigan
Michigan,,Michigan Organizing Committee 925: Detroit Office,,"Detroit Office
7700 2nd Ave., Suite 314
Detroit, MI 48202",,(313) 964-1711,,,,https://www.afscme.org/local/michigan
Michigan,,"Michigan State Employees Association, Local 5","Erik Bailey, Executive Director","Michigan State Employees Association, Local 5
Erik Bailey, Executive Director
924 Centennial Way, Suite 400
Lansing, MI 48911",(517) 394-5900,(800) 228-5901,,http://www.msea.org/,,https://www.afscme.org/local/michigan
Minnesota,International Union Offices,Central Region Office,"Lisa Martin, AFSD","Central Region Office
Lisa Martin, AFSD
8740 Orion Place, Suite 305
Columbus, OH 43240",,(614) 436-0933,,,,https://www.afscme.org/local/minnesota
Minnesota,Retiree Chapters,"AFSCME Retirees United, Chapter 5","Jeff Birttnen, President",,(855) 377-0237,,address-retirees@afscmemn.org,https://minnesotaretirees.org,,https://www.afscme.org/local/minnesota
Minnesota,,Council 5: St. Paul (Headquarters),"Bart Andersen, Executive Director; Eric Hesse, President","Bart Andersen, Executive Director
Eric Hesse, President
300 Hardman Avenue, South
So. St. Paul, MN 55075",,(651) 450-4990,,http://www.afscmemn.org/,,https://www.afscme.org/local/minnesota
Minnesota,,Council 5: Hermantown Office,,"Hermantown Office
4172 Thunderchief Lane
Hermantown, MN 55811",,(651) 450-4990,,,,https://www.afscme.org/local/minnesota
Minnesota,,Council 65: Nashwauk Office,,"Nashwauk Office
118 Central Avenue
Nashwauk, MN 55769",,(218) 885-3242,,http://www.afscme65.org/,,https://www.afscme.org/local/minnesota
Minnesota,,Council 65: St. Cloud Office (Headquarters),"Shannon Douvier, Executive Director","Shannon Douvier, Executive Director
3335 W. Saint Germain Street., Suite 107
St. Cloud, MN 56301",,(218) 885-3242,,,,https://www.afscme.org/local/minnesota
Minnesota,,Council 5: Willmar Office,,"Willmar Office
1350 1st Street South
Willmar, MN 56201",320.235.2344,,,,,https://www.afscme.org/local/minnesota
Mississippi,International Union Offices,Southern Region Office,"Timothy Anderson, Field Coordinator","Southern Region Office
Timothy Anderson, Field Coordinator
1745 Phoenix Blvd.
Suite 440
Atlanta, GA 30349",,(770) 997-5855,,,,https://www.afscme.org/local/mississippi
Missouri,International Union Offices,Central Region Office,"Andres Becerra, AFSD","Central Region Office
Andres Becerra, AFSD
8740 Orion Place, Suite 305
Columbus, OH 43240",,(614) 436-0933,,,,https://www.afscme.org/local/missouri
Missouri,Retiree Chapters,Missouri Retiree Chapter: Chapter 61,"Mary Cannon-James, President",,(515) 246-2627,,,https://www.afscmecouncil61.org/retiree-chapter-61,,https://www.afscme.org/local/missouri
Missouri,,Council 61: Jefferson City,"Todd Copley, President","Jefferson City
Todd Copley, President
4320 NW 2nd St.
Des Moines, IA 50313",,,,https://protect-us.mimecast.com/s/tmC9C313joi7zl1xHq7z2c?domain=afscmecouncil61.org/,,https://www.afscme.org/local/missouri
Missouri,,Local 500,"Reginal Silvers, President","Local 500
Reginal Silvers, President
4049 Pennsylvania Ave.,
Suite 102
Kansas City, MO 64111",,,,,,https://www.afscme.org/local/missouri
Montana,International Union Offices,Northwest Area Office,"Jeremy Kruse, Area Field Services Director","Northwest Area Office
Jeremy Kruse, Area Field Services Director
1836 NE 7th Ave. Suite 203
Portland, OR 97212",,(503) 281-6107,,,,https://www.afscme.org/local/montana
Montana,Retiree Chapters,"Montana Retired Public Employees Council, Chapter 9","Denalie Bruins, President; Timm Twardowski, Council 9 Executive Director",,(406) 442-1192,,afscme@montana.com,,,https://www.afscme.org/local/montana
Montana,,Council 9: Helena (Headquarters),"Walter Hennessey, President; Timm Twardoski, Executive Director","Walter Hennessey, President
Timm Twardoski, Executive Director
36 S. Last Chance Gulch, Suite 11
Helena, MT 59601",,(406) 442-1192,afscme@montana.com,http://mtafscme.com/,,https://www.afscme.org/local/montana
Nebraska,International Union Offices,Central Region Office,"Lisa Martin, AFSD","Central Region Office
Lisa Martin, AFSD
8740 Orion Place, Suite 305
Columbus, OH 43240",,(614) 436-0933,,,,https://www.afscme.org/local/nebraska
Nebraska,Retiree Chapters,Retiree Chapter: Chapter 161,"Mike Zgud, President",,(402) 486-3911,,,,,https://www.afscme.org/local/nebraska
Nebraska,,"Nebraska Association of Public Employees (NAPE), Local 61","Justin Hubly, Executive Director",", Local 61
Justin Hubly, Executive Director
1230 O Street, Suite 120
Lincoln, NE 68508",,(402) 486-3911,admin@napeafscme.org,http://www.napeafscme.org/,,https://www.afscme.org/local/nebraska
Nebraska,,"Nebraska Public Employees, Local 251","Tony Burkhalter, President","Nebraska Public Employees, Local 251
Tony Burkhalter, President
7701 Pacific Street
Suite 300
Omaha, NE 68114",,(402) 346-4011,,http://www.local251.org,,https://www.afscme.org/local/nebraska
Nevada,International Union Offices,Southwest Area Office,"Lalo Macias, Area Field Service Director","Southwest Area Office
Lalo Macias, Area Field Service Director
4000 S. Eastern Ave
Suite 200
Las Vegas, NV 89119",(702) 202-3633,,,,,https://www.afscme.org/local/nevada
Nevada,Retiree Chapters,Retiree Chapter: Chapter 4041,"Charlie Muller, President",,(775) 461-0849,,retiree@nvafscme.org,http://www.nvafscme.org,,https://www.afscme.org/local/nevada
Nevada,Retiree Chapters,Nevada Subchapter 153,"Verone Nelson, President",,,,,,,https://www.afscme.org/local/nevada
Nevada,,Local 4041: Carson City (Headquarters),,"300
Carson City, NV 89701",,(775) 882-3910,info@nvafscme.org,http://www.nvafscme.org/,,https://www.afscme.org/local/nevada
Nevada,,Local 4041: Las Vegas Office,,"Las Vegas Office
601 S. Rancho, Suite C24
Las Vegas, NV 89106",,(702) 431-3113,,,,https://www.afscme.org/local/nevada
New Hampshire,International Union Offices,Area Office: Boston,,"Boston
Tim Birch, ARD
8 Beacon Street, 2nd Floor
Boston, MA 02108",(617) 367-3686,,,,,https://www.afscme.org/local/new-hampshire
New Hampshire,Retiree Chapters,Retiree Chapter: Chapter 93,"Ed Keefe, President",,(888) 271-3868,,,http://afscmechapter93retirees.com/,,https://www.afscme.org/local/new-hampshire
New Hampshire,,Council 93,"Mark Bernard, Executive Director","Council 93
Mark Bernard, Executive Director
77 Sundial Avenue, Suite 104W
Manchester, NH 03103",,(603) 606-3303,,http://www.afscme93.org/,,https://www.afscme.org/local/new-hampshire
New Jersey,Retiree Chapters,Retiree Chapter 63,"Beverly Sample, President",,(609) 586-9093,,retirees@afscmenj.org,,,https://www.afscme.org/local/new-jersey
New Jersey,Retiree Chapters,Retiree Chapter 1199J,"Joann Proctor, President",,(973) 242-4450,,plav@1199Jpen-benfund.com,,,https://www.afscme.org/local/new-jersey
New Jersey,,AFSCME New Jersey Council 63,"Ron McMullen, President; Steve Tully, Executive Director","Hamilton Square Rd.
Hamilton, NJ 08690",(609) 586-9093,,,https://www.afscmenj.org/,,https://www.afscme.org/local/new-jersey
New Jersey,,NUHHCE 1199J,"Craig Ford, President","25 Alling St., 3rd Floor
Newark, NJ 07102",,(973) 242-4450,,,,https://www.afscme.org/local/new-jersey
New Jersey,,NUHHCE District 1199J,"Craig Ford, President","25 Alling St., 3rd Floor
Newark, NJ 07102",(973) 624-1199,,,,,https://www.afscme.org/local/new-jersey
New Mexico,International Union Offices,Southwest Area Office,,"Southwest Area Office
Lalo Macias
4000 S. Eastern Ave
Suite 200
Las Vegas, NV 89119",(702) 202-3633,,,,,https://www.afscme.org/local/new-mexico
New Mexico,Retiree Chapters,New Mexico AFSCME Retiree Chapter 18,"Stephen Astorga, President",,(505) 266-2505,,retirees@afscme18.org,https://www.afscme18.org/,,https://www.afscme.org/local/new-mexico
New Mexico,,Council 18: Albuquerque (Headquarters),"Connie Derr, Executive Director; Joe Trujeque, President","Connie Derr, Executive Director
Joe Trujeque, President
1202 Pennsylvania Street, NE
Albuquerque, NM 87110",(505) 266-2505,,,http://www.afscme18.org/,,https://www.afscme.org/local/new-mexico
New Mexico,,NUHHCE - 1199NM,"Yolanda Ulmer, President","1199NM
Yolanda Ulmer, President
201 Uptown Blvd.
Suite 201
Albuquerque, NM 87110",(505) 884-7713,,,,,https://www.afscme.org/local/new-mexico
New York,International Union Offices,Area Office: Albany,"Ryan Welles, AFSD","Albany
Ryan Welles, AFSD
212 Great Oaks Blvd.
Albany, NY 12203",,(518) 869-2245,,,,https://www.afscme.org/local/new-york
New York,Retiree Chapters,Chapter 35: Buffalo,"Roman Miszewski, President",,716-903-5049,,herbie55555@aol.com,,,https://www.afscme.org/local/new-york
New York,Retiree Chapters,New York AFSCME Retiree Chapter 82,"Henry Miglianti, President",,(518) 368-8212,,c82retireechapter@gmail.com,,,https://www.afscme.org/local/new-york
New York,Retiree Chapters,New York AFSCME Retiree Chapter 1000 (CSEA),"Bernadette Giambra, Chair; Christine Meehan, Retiree Coordinator",,(800) 342-4146 ext. 1220,,csearetiree@cseainc.org,https://cseany.org/csea-retiree-members/,https://www.facebook.com/cseanyretirees,https://www.afscme.org/local/new-york
New York,Retiree Chapters,New York AFSCME Retiree Chapter 37,"Ann Widger, Administrator; Terri Brady, Deputy Administrator",,(212) 815-1781,,dc37retirees@afscme.org,https://www.dc37retireesassociation.org/,,https://www.afscme.org/local/new-york
New York,,District Council 35: Buffalo,"Bill Orr, President","Buffalo
Bill Orr, President
2019 Seneca Street
Buffalo, NY 14210",,(716) 852-0883,,,,https://www.afscme.org/local/new-york
New York,,"New York City District Council of Municipal Local Unions, District Council 37: New York City (Headquarters)","Henry Garrido, Executive Director; Shaun Francois, President","Henry Garrido, Executive Director
Shaun Francois, President
125 Barclay Street
New York, NY 10007",(212) 815-1000,,,http://www.dc37.net,,https://www.afscme.org/local/new-york
New York,,"New York County and Municipal Employees, Council 66: Rochester (Headquarters)","Rich Canazzi, President","Rich Canazzi, President
1956 Lyell Ave.
Rochester, NY 14606",,(585) 594-0753,,https://afscmecouncil66.org/,https://www.facebook.com/AFSCMECouncil66/,https://www.afscme.org/local/new-york
New York,,"New York County and Municipal Employees, Council 66: Buffalo Office",,"Buffalo Office
4845 Union Rd., Upper
Buffalo, NY 14225-1301",,(716) 634-6204,,,,https://www.afscme.org/local/new-york
New York,,"New York County and Municipal Employees, Council 66: Syracuse Office",,"Syracuse Office
5788 Widewaters Parkway, Suite 2D
Syracuse, NY 13214",,(315) 883-1980,,,,https://www.afscme.org/local/new-york
New York,,"New York State Law Enforcement Officers Union, District Council 82: Albany (Headquarters)","Ron Walsh, President","Ron Walsh, President
63 Colvin Avenue
Albany, NY 12206",(518) 489-8424,,c82@council82.org,http://www.council82.org,,https://www.afscme.org/local/new-york
New York,,"Civil Service Employees Association, Local 1000: Albany (Headquarters)","Mary E. Sullivan, President","Mary E. Sullivan, President
143 Washington Avenue
Albany, NY 12210",,(518) 257-1000,,http://www.cseany.org,,https://www.afscme.org/local/new-york
New York,,"Civil Service Employees Association, Local 1000: Region I",,"Region I
3 Garet Place
Commack, NY 11725",(631) 462-0030,,,http://www.cseany.org/r1/,,https://www.afscme.org/local/new-york
New York,,"Civil Service Employees Association, Local 1000: Region II",,"Region II
125 Maiden Lane, 5th Floor
New York, NY 10038-1850",(212) 406-2156,,,http://www.cseany.org/r2,,https://www.afscme.org/local/new-york
New York,,"Civil Service Employees Association, Local 1000: Region III",,"Region III
735 State Route 52
Beacon, NY 12508",(845) 831-1000,,,http://www.cseany.org/r3,,https://www.afscme.org/local/new-york
New York,,"Civil Service Employees Association, Local 1000: Region IV",,"Region IV
One Learjet Lane
Latham, NY 12110",(518) 785-4400,,,http://www.cseany.org/r4,,https://www.afscme.org/local/new-york
New York,,"Civil Service Employees Association, Local 1000: Region V",,"Region V
6595 Kirkville Rd.
E. Syracuse, NY 13057",(315) 433-0050,,,http://www.cseany.org/r5,,https://www.afscme.org/local/new-york
New York,,"Civil Service Employees Association, Local 1000: Region VI",,"Region VI
120 Pineview Drive
Amherst, NY 14228",(716) 691-6555,,,http://www.cseany.org/r6,,https://www.afscme.org/local/new-york
North Carolina,International Union Offices,Southern Region Office,James Spears | AFSD,"AFSD
Southern Region Office,
4751 Best Road, Suite 420
Atlanta, GA 30337",(770) 907-2272,,,,,https://www.afscme.org/local/north-carolina
North Carolina,Retiree Chapters,North Carolina Retirees Subchapter 165,"Bill Dworkin, President",,336-885-2538,,,,,https://www.afscme.org/local/north-carolina
North Carolina,,Local 77,"Beverly Chavis, President","A130
Durham, NC 27707",(770) 907-2272,,,,,https://www.afscme.org/local/north-carolina
North Dakota,International Union Offices,Central Region Office,"Lisa Martin, AFSD","Central Region Office
Lisa Martin, AFSD
8740 Orion Place, Suite 305
Columbus, OH 43240",,(614) 436-0933,,,,https://www.afscme.org/local/north-dakota
North Dakota,Retiree Chapters,"AFSCME Retirees UNITED, Chapter 5","Jeff Birttnen, President",,(855) 377-0237,,address-retirees@afscmemn.org,https://minnesotaretirees.org,,https://www.afscme.org/local/north-dakota
North Dakota,,Council 65: Sioux Falls Office,"Shannon Douvier, Executive Director","Sioux Falls Office
Shannon Douvier, Executive Director
101 S. Fairfax Ave.
Sioux Falls, SD 57103",(218) 885-3242; (218) 885-3245,,,,,https://www.afscme.org/local/north-dakota
Ohio,International Union Offices,Central Region Office,"Andres Becerra, AFSD","Central Region Office
Andres Becerra, AFSD
8740 Orion Place, Suite 305
Columbus, OH 43240",,(614) 436-0933,,,,https://www.afscme.org/local/ohio
Ohio,Retiree Chapters,Retiree Chapter 1184,"Lou Maholic, President",,(614) 407-6492,,info@ohioafscmeretirees.org,,,https://www.afscme.org/local/ohio
Ohio,,Council 8: Columbus (Headquarters),"Sean Grayson, President","Sean Grayson, President
6800 North High Street
Worthington, OH 43085-2512",(614) 841-1918; (800) 282-3014,,,http://afscmecouncil8.org,,https://www.afscme.org/local/ohio
Ohio,,Council 8: Akron Office,,"Akron Office
1145 Massillon Road
Akron, OH 44306-4161",(330) 784-6390,,,,,https://www.afscme.org/local/ohio
Ohio,,Council 8: Athens Office,,"Athens Office
36 South Plains Road
The Plains, OH 45780",(740) 797-9708,,,,,https://www.afscme.org/local/ohio
Ohio,,Council 8: Cincinnati Office,,"Cincinnati Office
11461 Northlake Drive
Cincinnati, OH 45249",(513) 641-2900,,,,,https://www.afscme.org/local/ohio
Ohio,,Council 8: Cleveland Office,,"Cleveland Office
1603 East 27th Street
Cleveland, OH 44114-4217",(216) 241-4554,,,,,https://www.afscme.org/local/ohio
Ohio,,Council 8: Columbus Office,,"Columbus Office
6800 N. High Street
Columbus, OH 43085-2512",(614) 841-0595,,,,,https://www.afscme.org/local/ohio
Ohio,,Council 8: Dayton Office,,"Dayton Office
15 Gates Street
Dayton, OH 45402-2917",(937) 461-9983,,,,,https://www.afscme.org/local/ohio
Ohio,,Council 8: Toledo Office,,"Toledo Office
420 S. Reynolds Road
Toledo, OH 43615-5980",(419) 539-6000,,,,,https://www.afscme.org/local/ohio
Ohio,,Council 8: Youngstown Office,,"Youngstown Office
150 S. Four Mile Run Road
Youngstown, OH 44515-3137",(330) 792-4500,,,,,https://www.afscme.org/local/ohio
Ohio,,"Columbus Field Office - Central, Eastern, Southeast, Southwest and Western Districts OAPSE/AFSCME","Joseph P. Rugola, Executive Director","AFSCME
Joseph P. Rugola, Executive Director
Columbus Field Office
6805 Oak Creek Drive
Columbus, OH 43229-1591",(614) 890-4770; (800) 786-2773,,,http://www.oapse.org,,https://www.afscme.org/local/ohio
Ohio,,Cleveland Field Office - East Central and Northeast Districts OAPSE/AFSCME,,"AFSCME
Cleveland Field Office
9555 Vista Way, Suite 230
Garfield Heights, OH 44125",(330) 659-7335; (855) 607-6554,,,,,https://www.afscme.org/local/ohio
Ohio,,"Toledo Field Office - North Central, Northwest and Northwest Central Districts OAPSE/AFSCME",,"AFSCME
Toledo Area Field Office
2340 Detroit Avenue, Garden Floor
Maumee, OH 43537",(419) 887-5758; (800) 265-1810,,,,,https://www.afscme.org/local/ohio
Ohio,,"Local 11, Westerville","Chris Mabe, President","Local 11, Westerville
Chris Mabe, President
390 Worthington Rd., Suite A
Westerville, OH 43082-8331",(614) 865-4700,,,http://www.ocsea.org,,https://www.afscme.org/local/ohio
Oklahoma,International Union Offices,Southern Region Office,"Dorothy Townsend, Regional Director","Southern Region Office
Dorothy Townsend, Regional Director
1745 Phoenix Blvd. Suite 440
Atlanta, GA 30349",,(770) 907-2272,,,,https://www.afscme.org/local/oklahoma
Oklahoma,,Local 1136,"Tatum Kegin, President","Local 1136
Tatum Kegin, President
215 W. Garriott Rd
Suite 3D
Enid, OK 73701-5670",(580) 234-5819,,,,,https://www.afscme.org/local/oklahoma
Oklahoma,,Local 1180,"Michael Morrison, President","Local 1180
Michael Morrison, President
1285 S. Detroit Ave.
Tulsa, OK 74120-1231",(918) 584 0334,,,http://www.1180tulsa.org,,https://www.afscme.org/local/oklahoma
Oklahoma,,Local 2406,"Bruce Davis, President","Local 2406
Bruce Davis, President
3400 South Western
Oklahoma City, OK 73109",(405) 631-5531,,,http://www.afscme2406.com/,,https://www.afscme.org/local/oklahoma
Oklahoma,,"Local 2465: Muskogee, Oklahoma Municipal Employees","Dustin Williams, President","Muskogee, Oklahoma Municipal Employees
Dustin Williams, President
1303 Emporia Street
Muskogee, OK 74401",(918) 685-5313,,afscmelocal2465@yahoo.com,,,https://www.afscme.org/local/oklahoma
Oklahoma,,Local 2875,"Jerry Tarver, President","Local 2875
Jerry Tarver, President
P.O. Box 915
Norman, OK 73070",405-317-5770,,Afscmejt2875@gmail.com,,,https://www.afscme.org/local/oklahoma
Oregon,International Union Offices,Northwest Area Office,"Jeremy Kruse, Area Field Services Director","Northwest Area Office
Jeremy Kruse, Area Field Services Director
1836 NE 7th Ave. Suite 203
Portland, OR 97212",,(503) 281-6107,,,,https://www.afscme.org/local/oregon
Oregon,Retiree Chapters,Retiree Chapter 75,"Pat Riggs-Henson, President",,844-660-8445,,retirees@oregonafscme.com,http://www.oregonafscme.com/,,https://www.afscme.org/local/oregon
Oregon,,Council 75: Salem (Headquarters),,"1400 Tandem Ave. NE
Salem, OR 97301",,(844) 758-6466,,https://www.oregonafscme.org/,,https://www.afscme.org/local/oregon
Oregon,,Council 75: Portland Office,"Joe Baessler, Executive Director","Portland Office
Joe Baessler, Executive Director
2701 NW Vaughn Street, Suite 430
Portland, OR 97210",,(844) 758-6466,joe@oregonafscme.org,,,https://www.afscme.org/local/oregon
Oregon,,Council 75: Bend Office,,"Bend Office
155 NW Irving St.
Suite C
Bend OR 97701",(844) 758-6466,,,,,https://www.afscme.org/local/oregon
Oregon,,Council 75: Eugene Office,,"Eugene Office
688 Charnelton
Eugene, OR 97401",(844) 758-6466,,,,,https://www.afscme.org/local/oregon
Oregon,,Council 75: Grants Pass Office,,"101
Grants Pass, OR 97526",(844) 758-6466,,,,,https://www.afscme.org/local/oregon
Oregon,,Council 75: Ontario Office,,"Ontario Office
463 S. Park Boulevard
Ontario, OR 97914",(844) 758-6466,,,,,https://www.afscme.org/local/oregon
Oregon,,Council 75: Pendleton Office,,"Pendleton Office
308 S.W. Dorion Avenue
Pendleton, OR 97801",(844) 758-6466,,,,,https://www.afscme.org/local/oregon
Pennsylvania,International Union Offices,Eastern Region Office,"Jim Howell, Regional Director","Eastern Region Office
Jim Howell, Regional Director
Foster Plaza 10, 5th Floor Suite 510
Pittsburgh, PA 15220",,(412) 922-2550,,,,https://www.afscme.org/local/pennsylvania
Pennsylvania,International Union Offices,Area Office: Philadelphia,"Maximus Weikel, AFSD","Philadelphia
Maximus Weikel, AFSD
One Penn Center at Suburban Station
1617 JFK Boulevard
Suite 821
Philadelphia, PA 19103",,(215) 665-1272,,,,https://www.afscme.org/local/pennsylvania
Pennsylvania,Retiree Chapters,Pennsylvania AFSCME Retiree Chapter 13,"Jeanne Weaver, President",,(717) 564-9797,,,https://paafscmeretirees.org/,,https://www.afscme.org/local/pennsylvania
Pennsylvania,Retiree Chapters,Chapter 2: Philadelphia,"Edward ""Eddie"" Williams, President",,(215) 895-3386,,,,,https://www.afscme.org/local/pennsylvania
Pennsylvania,Retiree Chapters,Chapter 47: Philadelphia,"Vanessa Fields, President",,(215) 893-3765,,,https://dc47.org/retirees/,,https://www.afscme.org/local/pennsylvania
Pennsylvania,Retiree Chapters,Chapter 1199C: Philadelphia,"Sheila Bennet, President",,(215) 735-5720,,,http://1199cfunds.org/retirees/,,https://www.afscme.org/local/pennsylvania
Pennsylvania,,Pennsylvania Public Employees Council 13: Harrisburg (Headquarters),"Jim Howell, Administrator","Jim Howell, Administrator
150 South 43rd Street, Suite 3
Harrisburg, PA 17111",(800) 523-7263,,,http://www.afscme13.org/,,https://www.afscme.org/local/pennsylvania
Pennsylvania,,Philadelphia-Eastern Pennsylvania Public Employees Council 33: Philadelphia (Headquarters),"Greg Boulware, President","Greg Boulware, President
3001 Walnut Street
Philadelphia, PA 19104",,(215) 895-3300,,http://www.afscme33.org/,,https://www.afscme.org/local/pennsylvania
Pennsylvania,,"Administrative, Professional & Technical Association Council 47: Philadelphia (Headquarters)","April Gigetts, President","April Gigetts, President
1606 Walnut Street, 2nd Floor
Philadelphia, PA 19103",(215) 893-3733; (215) 985-2720,,,https://dc47.org/,,https://www.afscme.org/local/pennsylvania
Pennsylvania,,Southwestern Pennsylvania Public Employees Council 13: Duncansville (Western Region),,"161 Patchway Road
Duncansville, PA 16635-8431",,,,,,https://www.afscme.org/local/pennsylvania
Pennsylvania,,Southeastern Pennsylvania Public Employees Council 13: Plymouth Meeting (Eastern Region),,"3031 Walton Road
Suite 300, Bldg. C,
Plymouth Meeting, PA 19462",,,,,,https://www.afscme.org/local/pennsylvania
Pennsylvania,,Western Pennsylvania Public Employees Council 13: Pittsburgh (Field Office),,"Foster Plaza 5
651 Holiday Drive, Suite 505
Pittsburgh, PA 15220",,,,,,https://www.afscme.org/local/pennsylvania
Pennsylvania,,Northwestern Pennsylvania Public Employees Council 13: Franklin (Field Office),,"1276 Liberty Street
Franklin, PA 16323",,,,,,https://www.afscme.org/local/pennsylvania
Pennsylvania,,North Central Pennsylvania Public Employees Council 13: New Columbia (Field Office),,"250 Commerce Park Drive
New Columbia, PA 17856",,,,,,https://www.afscme.org/local/pennsylvania
Pennsylvania,,Northeastern Pennsylvania Public Employees Council 13: Dunmore (Field Office),,"Barre, PA 18702",,,,,,https://www.afscme.org/local/pennsylvania
Pennsylvania,,Dauphin County Pennsylvania Public Employees Council 13: Harrisburg (Field Office),,"2
Harrisburg, PA 17111-5707",,,,,,https://www.afscme.org/local/pennsylvania
Pennsylvania,,NUHHCE District 1199C: Philadelphia,"Dionne Gary, President","Philadelphia
Dionne Gary, President
1319 Locust St.
Philadelphia, PA 19107",,(215) 735-1300,,http://www.1199cnuhhce.org/,,https://www.afscme.org/local/pennsylvania
Pennsylvania,,United Nurses Association of Pennsylvania (UNOP),"Barbara Simonetta, President","Barbara Simonetta, President
1319 Locust Street
Philadelphia, PA 19107",(215) 735-7655,,,,,https://www.afscme.org/local/pennsylvania
Pennsylvania,,United Child Care Union,"Michelle Cooper, President","United Child Care Union
Michelle Cooper, President
1319 Locust Street
Philadelphia, PA 19107",(215) 735-6350,,,https://www.ccpunited.org/,,https://www.afscme.org/local/pennsylvania
Pennsylvania,,NUHHCE,"Craig Ford, President","NUHHCE
Craig Ford, President
325 Chestnut Street, Suite 215
Philadelphia, PA 19106",,(215) 735-7500,,https://nuhhce.org/,,https://www.afscme.org/local/pennsylvania
Puerto Rico,International Union Offices,Area Office: San Juan,"Benjamin Borges, AFSD","P.O. Box 13695
San Juan, PR 00908-3695",,(787) 272-7222,,,,https://www.afscme.org/local/puerto-rico
Puerto Rico,Retiree Chapters,Retiree Chapter 95,"Blanca Paniagua Adorno, President",,(787) 272-7222,,retirados@spupr.com,,https://www.facebook.com/capituloretirados/?fref=ts,https://www.afscme.org/local/puerto-rico
Puerto Rico,,Servidores Públicos Unidos de Puerto Rico Council 95: Guaynabo (Headquarters),"Jessica Martinez Santos, President; Frances Catala, Director","P.O. Box 363827
San Juan, PR 00936-3827",,(787) 272-7222,,http://www.spupr.com/,,https://www.afscme.org/local/puerto-rico
Rhode Island,International Union Offices,Area Office: Boston,,"Boston
Tim Birch, ARD
8 Beacon Street, 2nd Floor
Boston, MA 02108",(617) 367-3686,,,,,https://www.afscme.org/local/rhode-island
Rhode Island,Retiree Chapters,Retiree Chapter: Chapter 94,"Mike Connolly, President",,401-642-2434,,cleblanc@ricouncil94.org,https://www.ricouncil94.org/afscme-rhode-island-retirees-chapter-94-0,,https://www.afscme.org/local/rhode-island
Rhode Island,,Council 94: North Providence (Headquarters),"Alexis Santoro, Executive Director","Alexis Santoro, Executive Director
1179 Charles Street
North Providence, RI 02904",,(401) 724-5900,,http://www.ricouncil94.org,,https://www.afscme.org/local/rhode-island
South Carolina,International Union Offices,Southern Region Office,"Dorothy Townsend, Regional Director","Southern Region Office
Dorothy Townsend, Regional Director
1745 Phoenix Blvd.,
Suite 440
Atlanta, GA 30349",,(770) 907-2272,,,,https://www.afscme.org/local/south-carolina
South Dakota,International Union Offices,Central Region Offices,"Lisa Martin, AFSD","Central Region Offices
Lisa Martin, AFSD
8740 Orion Place, Suite 305
Columbus, OH 43240",,(614) 436-0933,,,,https://www.afscme.org/local/south-dakota
South Dakota,Retiree Chapters,"AFSCME Retirees United, Chapter 5","Jeff Birttnen, President",,(855) 377-0237,,address-retirees@afscmemn.org,https://minnesotaretirees.org,,https://www.afscme.org/local/south-dakota
South Dakota,,Council 65: Sioux Falls Office,"Shannon Douvier, Executive Director","Sioux Falls Office
Shannon Douvier, Executive Director
101 S. Fairfax Ave.
Sioux Falls, SD 57103",(218) 885-3242; (218) 885-3245,,,,,https://www.afscme.org/local/south-dakota
Tennessee,International Union Offices,Southern Region Office,"Dorothy Townsend, Regional Director","Southern Region Office
Dorothy Townsend, Regional Director
1745 Phoenix Blvd., Suite 440
Atlanta, GA 30349",,(770) 907-2272,,,,https://www.afscme.org/local/tennessee
Tennessee,Retiree Chapters,Retiree Chapter 1733,"Charlette Johnson, President",,(901) 525-2458,,,,,https://www.afscme.org/local/tennessee
Tennessee,,Local 1733,", President","Local 1733
Adrian Rogers
, President
485 Beale Street
Memphis, TN 38103",,(901) 525-2458,,http://www.afscmelocal1733.org/,,https://www.afscme.org/local/tennessee
Tennessee,,Local 2173,"David Newberry, President","Local 2173
David Newberry, President
185 CCC Rd
Wartburg, TN 37887",(865) 789-1938,,,,,https://www.afscme.org/local/tennessee
Texas,International Union Offices,Southern Region Office,"Dorothy Townsend, Regional Director; James Spears, AFSD","Southern Region Office
Dorothy Townsend, Regional Director
James Spears, AFSD
1745 Phoenix Blvd. Suite 440
Atlanta, GA 30349",,(770) 907-2272,,,,https://www.afscme.org/local/texas
Texas,Retiree Chapters,Texas AFSCME Retiree Chapter 12,"Luther Elmore, President",,(512) 477-9181,,office@afscmetexasretirees.org,http://www.afscmetexasretirees.org/,https://www.facebook.com/afscmetexasretirees12/?fref=ts,https://www.afscme.org/local/texas
Texas,Retiree Chapters,Houston Retiree Chapter 1550,"Ed Rollins, President",,281-435-6028,,,,,https://www.afscme.org/local/texas
Texas,,Texas Correctional Employees Council 907: Huntsville (Headquarters),"Jeff Ormsby, Executive Director; Mitchell Spruiell, President","Jeff Ormsby, Executive Director
Mitchell Spruiell, President
AFSCME TCEC 907
816 Henderson Street
Rockport, TX 78382",(936) 295-5265,,union@afscmetexascorrections.org,http://AFSCMETexasCorrections.org,,https://www.afscme.org/local/texas
Texas,,"Houston Organization of Public Employees, AFSCME Local 123","Jason Evans, President; Joseph Windham, Executive Director","Houston Organization of Public Employees, AFSCME Local 123
Jason Evans, President
Joseph Windham, Executive Director
2506 Sutherland Street
Houston, TX 77023",,(346) 227-7050,hopeinfo@hopetx.org,http://www.hopetx.org/,,https://www.afscme.org/local/texas
Texas,,Local 1550,,"Local 1550
1415 North Loop West
Mezzanine D
Houston, TX 77008",281-822-5551,,,https://afscmelocal1550.com/,,https://www.afscme.org/local/texas
Texas,,Local 1624,"Carol Guthrie, Executive Director; Brydan Summers, President","310
Austin, TX 78754",(512) 477-5544,,info@afscme1624.org,http://www.afscme1624.org/,,https://www.afscme.org/local/texas
Texas,,Local 2021,"Carol Guthrie, Executive Director","Local 2021
Carol Guthrie, Executive Director
816 Camaron St. Suite 1.06
San Antonio, TX 78212",210-507-2224,,,,,https://www.afscme.org/local/texas
Utah,International Union Offices,Southwest Region Office,"Lalo Macias, Area Field Services Director","Southwest Region Office
Lalo Macias, Area Field Services Director
4000 S. Eastern Ave
Suite 200
Las Vegas, NV 89119",(702) 202-3633,,,,,https://www.afscme.org/local/utah
Utah,,Local 1004,"Jerry Philpot, President","Local 1004
Jerry Philpot, President
2261 S. Redwood Rd. Suite K
West Valley City, UT 84119",,(801) 972-1974,,https://www.afscmeutah1004.org/,,https://www.afscme.org/local/utah
Vermont,International Union Offices,Area Office: Vermont,,"Vermont
Tim Birch, ARD
8 Beacon St., 2nd Floor
Boston, MA  02108",,(617) 367-3686,,,,https://www.afscme.org/local/vermont
Vermont,Retiree Chapters,Retiree Chapter: Chapter 93,"Ed Keefe, President",,(888) 271-3868,,,http://afscmechapter93retirees.com/,,https://www.afscme.org/local/vermont
Vermont,,Council 93: Rutland Office,"Mark Bernard, Executive Director","Rutland Office
Mark Bernard, Executive Director
734G US Route 4E
Rutland, VT 05701-9274",(802) 775-9577,,,http://www.afscme93.org/,,https://www.afscme.org/local/vermont
Virginia,International Union Offices,Eastern Region Office,"Kory Blake, AFSD","Eastern Region Office
Kory Blake, AFSD
Baltimore Area Office
1410 Bush St., Suite B
Baltimore, MD 21230",(412) 922-2550,,,,,https://www.afscme.org/local/virginia
Virginia,,Council 27,"Dorothy Townsend, Administrator","Council 27
Dorothy Townsend, Administrator
1745 Phoenix Blvd.
Suite 440
Atlanta, GA 30349",,(770) 907-2272,,,,https://www.afscme.org/local/virginia
Virginia,,Local 3001,"Anthony Pistone, President",,,(202) 234-6506,,,,https://www.afscme.org/local/virginia
Washington,International Union Offices,Northwest Area Office,"Jeremy Kruse, Area Field Services Director","Northwest Area Office
Jeremy Kruse, Area Field Services Director
1836 NE 7th Ave. Suite 203
Portland, OR 97212",,(503) 281-6107,,,,https://www.afscme.org/local/washington
Washington,Retiree Chapters,Washington AFSCME Retiree Chapter 10,"Clair Olivers, President; Laurie Weidner, Executive Director","Washington AFSCME Retiree Chapter 10
Clair Olivers, President
Laurie Weidner, Executive Director
906 Columbia St. SW, Suite 501
Olympia, WA 98501",(800) 562-6097,,info@rpecwa.org,http://www.rpecwa.org/,https://www.facebook.com/rpecwa/,https://www.afscme.org/local/washington
Washington,,Council 2: Everett (Headquarters),"Michael Rainey, President/Executive Director","3305 Oakes Ave.
Everett, WA 98201",(425) 303-8818; 800-891-6548,800-775-6418,c2everett@council2.com,http://www.council2.com/,,https://www.afscme.org/local/washington
Washington,,Council 2: Olympia Office,,"G
Olympia, WA 98502",(800) 806-7803,(360) 438-7453,C2olympia@council2.com,,,https://www.afscme.org/local/washington
Washington,,Council 2: Spokane Office,,"Spokane Office
1105 W. Francis Ave., Suite C
Spokane, WA 99205",(509) 328-2830; (800) 932-4856,(800) 932-4850,C2Spokane@council2.com,,,https://www.afscme.org/local/washington
Washington,,Council 2: Wenatchee Office,,"Wenatchee Office
P.O. Box 604
Cashmere, WA 98815",,(509) 663-2753,c2Wenatchee@council2.com,,,https://www.afscme.org/local/washington
Washington,,Council 2: Yakima Office,,"Yakima Office
307 N 3rd Street, Suite 4
Yakima WA 98901",,(509) 452-7887,C2yakima@council2.com,,,https://www.afscme.org/local/washington
Washington,,Council 28: Olympia (Headquarters),"Mike Yestramski, President; Kurt Spiegel, Executive Director","Mike Yestramski, President
Kurt Spiegel, Executive Director
1212 Jefferson Street, S.E.
Suite 300
Olympia, WA 98501",(800) 562-6002,,,http://www.wfse.org/,,https://www.afscme.org/local/washington
Washington,,Council 28: Olympia Office,,"Olympia Office
906 Columbia St SW, Suite 500
Olympia, WA 98501",(360) 786-1303,,,,,https://www.afscme.org/local/washington
Washington,,Council 28: Seattle Office,,"Seattle Office
6363 7th Ave. South,
Suite 220
Seattle, WA 98108",(206) 525-5363,,,,,https://www.afscme.org/local/washington
Washington,,Council 28: Spokane Office,,"Spokane Office
Garden Court Building
222 W. Mission Ave.
Suite 201
Spokane WA 99201",(509) 326-4422,,,,,https://www.afscme.org/local/washington
Washington,,Council 28: Tacoma Office,,"Tacoma Office
6003 Tacoma Mall Blvd
Tacoma, WA 98409",,,,,,https://www.afscme.org/local/washington
Washington,,"Union of American Physicians and Dentists, Local 206: Washington",,"F
Tacoma, WA 98402",(253) 244-7797,,washington@uapd.com,http://www.uapd.com,,https://www.afscme.org/local/washington
West Virginia,International Union Offices,Central Region Office,"Andres Becerra, AFSD","Central Region Office
Andres Becerra, AFSD
8740 Orion Place, Suite 305
Columbus, OH 43240",,(614) 436-0933,,,,https://www.afscme.org/local/west-virginia
West Virginia,Retiree Chapters,OH-WV Chapter 1184,"Lou Maholic, President","ohioafscmeretirees.org
8740 Orion Place, Suite 305
Columbus OH
43240",,,info@ohioafscmeretirees.org,http://www.ohioretirees.org,,https://www.afscme.org/local/west-virginia
Wisconsin,International Union Offices,Central Region Office,"Dreadless Stubbs, AFSD","Central Region Office
Dreadless Stubbs, AFSD
8740 Orion Place, Suite 305
Columbus, OH 43240",,(614) 436-0933,,,,https://www.afscme.org/local/wisconsin
Wisconsin,Retiree Chapters,Retiree Chapter 32,"Sue Conard, President",,(608) 826-1930,,afscmeretireesch32@gmail.com,,https://www.facebook.com/afscmewisconsinretireeschap32/,https://www.afscme.org/local/wisconsin
Wisconsin,,Council 32: Madison (Headquarters),"Pat Wycoff, Executive Director","Madison, WI 53713",(608) 826-1932,,,http://www.afscme32.org/,,https://www.afscme.org/local/wisconsin
Wyoming,International Union Offices,Northwest Area Office,"Jeremy Kruse, Area Field Services Director","Northwest Area Office
Jeremy Kruse, Area Field Services Director
1836 NE 7th Ave. Suite 203
Portland, OR 97212",,(503) 281-6107,,,,https://www.afscme.org/local/wyoming
